<?xml version="1.0" encoding="UTF-8"?>
<project-private xmlns="http://www.netbeans.org/ns/project-private/1">
    <editor-bookmarks xmlns="http://www.netbeans.org/ns/editor-bookmarks/2" lastBookmarkId="0"/>
    <open-files xmlns="http://www.netbeans.org/ns/projectui-open-files/2">
        <group>
            <file>file:/C:/Users/a_sal/Documents/NetBeansProjects/WebApplication1/ASalamehFormPost4/web/WEB-INF/tlds/customtag.tld</file>
            <file>file:/C:/Users/a_sal/Documents/NetBeansProjects/WebApplication1/ASalamehFormPost4/web/index.html</file>
            <file>file:/C:/Users/a_sal/Documents/NetBeansProjects/WebApplication1/ASalamehFormPost4/src/java/tags/tag.java</file>
            <file>file:/C:/Users/a_sal/Documents/NetBeansProjects/WebApplication1/ASalamehFormPost4/src/java/Beans/FirstJavaBean.java</file>
            <file>file:/C:/Users/a_sal/Documents/NetBeansProjects/WebApplication1/ASalamehFormPost4/web/SalamehFormPost4.jsp</file>
        </group>
    </open-files>
</project-private>
